,date,category,article title
0,01/12/2017,Markets,CME to launch bitcoin futures in three weeks after green light from regulator; bitcoin jumps
1,01/12/2017,Markets,"Gold, other safe haven trades surge as investors fear Trump economic agenda in jeopardy"
2,01/12/2017,Markets,Where investors may stuff their money if the Trump trade falls apart
4,01/12/2017,Markets,"Europe ends on a negative note, as weakness on Wall Street weighs on sentiment"
5,01/12/2017,Markets,JPMorgan strategist: Bitcoin futures can 'add legitimacy' to potential 'emerging asset class'
6,03/12/2017,Markets,"Bitcoin hits all-time high above $11,700 as recovery accelerates"
7,04/12/2017,Markets,Cboe announces bitcoin futures to start trading Sunday
8,04/12/2017,Markets,Wall Street week ahead: It's all about tax reform and the jobs report
9,04/12/2017,Markets,SEC steps up scrutiny of digital coin sales with order to freeze 'PlexCoin' founders' assets
10,04/12/2017,Markets,"Europe shares close higher as Brexit, US tax plan take center stage; Dialog tanks 24%"
12,05/12/2017,Markets,European shares close lower amid Brexit uncertainty; Provident tumbles 10%
13,05/12/2017,Markets,Cboe chief on Jamie Dimon: He's welcome to try shorting bitcoin
14,05/12/2017,Markets,Sterling expected to fall much further if Brexit talks fail to break deadlock
15,05/12/2017,Markets,Stock market ETFs are attracting a record-setting level of investor cash
16,05/12/2017,Markets,"US headed for recession in 2019 as Fed raises rates, economist warns"
20,05/12/2017,Markets,Famed trader Mark Fisher: Bitcoin is very similar to the silver run in the 1970s
22,06/12/2017,Markets,H&R Block shares rally after CEO says a changing tax code has always been good for business
24,06/12/2017,Markets,"Bitcoin tops record $19,000, then plunges in wild 2-day ride"
25,06/12/2017,Markets,"Meet CryptoKitties, the $100,000 digital beanie babies epitomizing the cryptocurrency mania"
26,06/12/2017,Markets,European shares close after recovering the day's losses; Steinhoff tanks 63%
27,06/12/2017,Finance,"Bitcoin breaks above $12,000 for the first time"
28,06/12/2017,Finance,Greenspan compares bitcoin to Colonial America currency that eventually became worthless
29,07/12/2017,Markets,Hedge fund billionaire Cooperman: The stock market is not overvalued yet
30,07/12/2017,Markets,The world’s biggest banks reportedly want to halt bitcoin futures launch
31,07/12/2017,Markets,European close slightly higher; Steinhoff tanks 37% to extend losses
33,07/12/2017,Finance,"China's financial system has three important 'tensions,' the IMF says"
34,07/12/2017,Markets,"Morgan Stanley strategist: 'Euphoria' could lift the S&P to 3,000 in 2018"
35,08/12/2017,Markets,Bitcoin plummeted just hours after setting yet another record
37,08/12/2017,Markets,Sterling swings erratically after Brexit deal — here's what you need to know
38,08/12/2017,Markets,European stocks close higher after Brexit breakthrough; banks up 2%
40,08/12/2017,Finance,Pepsi will switch its stock exchange listing to Nasdaq from NYSE
42,09/12/2017,Finance,Winklevoss twin predicts multitrillion-dollar value for bitcoin
43,10/12/2017,Markets,"After bitcoin's wild week, traders brace for futures launch"
44,11/12/2017,Markets,"Bitcoin futures launch could be bad for bitcoin’s price, tech analyst Gene Munster says"
45,11/12/2017,Markets,"China's still in a bull market despite recent wobbles, analyst says"
46,11/12/2017,Markets,European shares close slightly lower despite commodity bounce; central bank meetings loom
48,11/12/2017,Markets,"Wall Street week ahead: Bitcoin mania, big Fed news and more"
49,11/12/2017,Markets,"'Bitcoin Jesus' is 'really, really concerned' about the future of the digital currency"
50,11/12/2017,Finance,Zurich Insurance to buy ANZ’s life insurance business in Australia
51,12/12/2017,Markets,Strategist Tom Lee: Young people will drive bitcoin gains just as boomers boosted stocks in the '80s
52,12/12/2017,Markets,"European stocks close higher ahead of Fed, ECB meetings; Gemalto up 34%"
53,12/12/2017,Markets,Bitcoin futures fall on second day of trading; Bitcoin exchange faces cyberattack
54,12/12/2017,Markets,Coinbase suspends ethereum buys and sells twice in one day
55,12/12/2017,Markets,"UK inflation comes in at 3.1 percent, highest since March 2012"
56,12/12/2017,Markets,"Novogratz says he would sell litecoin after its massive surge, sees bitcoin hitting $40k within a few months"
57,13/12/2017,Markets,Doubleline's Gundlach says commodities are best buy for 2018
58,13/12/2017,Markets,TD Ameritrade strategist says lock profits in stocks and buy these sectors in 2018
60,13/12/2017,Markets,Bitcoin futures briefly halted after plunging 10%
61,13/12/2017,Markets,"Another bitcoin rival leaps to a record high, surpassing litecoin's market value"
62,13/12/2017,Markets,Europe ends under pressure as utilities slip 2%; Fed decision looms 
63,14/12/2017,Markets,"'Most obvious path' for leading US digital currency platform Coinbase is going public, COO says"
64,14/12/2017,Markets,"Ripple surges 89% in single day, briefly becomes third-biggest digital currency"
65,14/12/2017,Markets,HSBC's currency expert gives his best trades for 2018
66,14/12/2017,Markets,Europe ends in the red as investors digest central banking news; utilities lag
67,15/12/2017,Markets,Litecoin founder Lee predicts future for bitcoin and his own runaway cryptocurrency
68,15/12/2017,Markets,European stocks close lower on US tax overhaul concerns; H&M down 13%
69,15/12/2017,Markets,Cboe bitcoin futures surge nearly 8% Friday in winning first week
70,15/12/2017,Markets,Surge in investor cash to stocks triggers fear that rally is near an end
71,15/12/2017,Markets,The day bitcoin futures dropped was the first day that traders were allowed to bet against it
72,15/12/2017,Markets,"Teenage bitcoin millionaire: 'It's a wonderful time to buy bitcoin"""
73,15/12/2017,Markets,TD Ameritrade to open trading on bitcoin futures
74,15/12/2017,Markets,South Korea blockchain association plans to change how people trade
75,15/12/2017,Finance,Europe’s financial sector is getting tougher rules and it will affect the whole world
76,17/12/2017,Markets,"Bitcoin debuts on the world's largest futures exchange, and prices fall slightly"
77,18/12/2017,Markets,"Analyst who predicted bitcoin's rise now sees it hitting $300,000-$400,000"
78,18/12/2017,Markets,"CEO of cryptocurrency play up 1,000% in 2 days to $3.1 billion: 'This market cap is not justified'"
79,18/12/2017,Markets,Europe rallies by the close amid heightened expectations of US tax cuts; miners pop 2%
80,18/12/2017,Markets,"Dow rises 5,000 points in a year for the first time ever"
81,18/12/2017,Markets,Peterffy: Bitcoin futures' launch on two reputable exchanges will make bitcoin 'even more popular'
82,19/12/2017,Markets,Crazy town: Tiny fruit juice company soars on speculated move into bitcoin that likely isn't real
83,19/12/2017,Markets,Investors bought stocks because of tax reform and will now 'sell the news': Wharton's Siegel
84,19/12/2017,Markets,Infamous short-seller Andrew Left scrambling for ways to bet against bitcoin
85,19/12/2017,Markets,Europe markets close lower despite optimism over US tax cuts; Dialog Semiconductor jumps 8%
86,19/12/2017,Markets,"Bitcoin plunges $1,000 in less than an hour"
87,19/12/2017,Markets,"Bubbles appearing in markets from bitcoin to fine art, strategist says"
88,19/12/2017,Markets,"Bitcoin is the 'most crowded' investment in the world, according to a widely followed investor survey"
89,19/12/2017,Markets,"SEC suspends trading in Crypto Co., small cap that has surged as part of bitcoin mania"
90,20/12/2017,Markets,Cryptocurrencies still a 'wild west' after exchange's rocky rollout of trading in new coin
91,20/12/2017,Markets,Bitcoin drops 10% as top cryptocurrency marketplace starts supporting rival bitcoin cash
92,20/12/2017,Markets,The UK’s ‘answer to Warren Buffett’ says it’s time to get out of stocks and bonds
93,20/12/2017,Markets,"Big investment bank now sees slight gains for stocks, without much help from tax plan"
94,20/12/2017,Finance,Islamic finance is becoming so attractive that even non-Muslims want in
95,20/12/2017,Markets,China does another policy U-turn and THAAD-linked South Korean stocks aren't taking it well
97,20/12/2017,Markets,Europe markets close lower after US Senate passes tax bill; Steinhoff falls 35%
98,20/12/2017,Markets,The late-stage equity bull market could explain a mania like bitcoin
99,21/12/2017,Markets,'Bitcoin Jesus' says investors should be ready in case bitcoin falls out of favor
100,21/12/2017,Markets,How the 'impact of technology’ could be radically reshaping the US bond markets
101,21/12/2017,Markets,"The SEC's crackdown on cryptocurrencies is about to get serious, former chairman says"
102,21/12/2017,Markets,Europe closes higher as investors digest US tax overhaul; Nokia rises on Huawei deal
103,22/12/2017,Markets,The stock rally is unfolding so fast investment banks are already raising their 2018 forecasts
105,22/12/2017,Markets,"Fundstrat's Tom Lee says he's a buyer of the bitcoin pullback, now sees more than 35% gains from here"
106,22/12/2017,Markets,FTSE closes lower in shortened session; Spanish banks fall as separatists win Catalonia election
107,22/12/2017,Markets,"Trading goes down at Coinbase, one of the biggest bitcoin marketplaces, for two hours amid price plunge"
108,22/12/2017,Markets,"Bitcoin falls by more than $3,000, dropping through $13,000 mark"
109,22/12/2017,Markets,"US-based equity funds post $22 billion of outflows, the largest withdrawals in 2017"
110,26/12/2017,Markets,"Bitcoin struggles to hold above $16,000; crypto marketplace Coinbase reports transaction delays"
111,26/12/2017,Markets,US stocks set to open mostly lower as Apple shares slide
112,26/12/2017,Markets,Stocks close lower as Apple falls 2.5%; retail stocks climb
113,26/12/2017,Finance,"Bitcoin could hit $60,000 in 2018 but another crash is coming, says startup exec"
115,27/12/2017,Markets,"While bitcoin falls, one cryptocurrency jumps 20% after new link to some Japanese credit card companies"
116,27/12/2017,Markets,European stocks close mixed; FTSE 100 hits record high
117,27/12/2017,Markets,"Stocks close mildly higher; utilities, real estate gain"
118,27/12/2017,Markets,"Bitcoin 'doesn't pass the smell test,' says Massachusetts securities regulator"
119,28/12/2017,Markets,"China may be a bigger worry for 2018, analysts say"
121,28/12/2017,Markets,"Dow sets record close, tracking to end year with six full weeks of gains for the first time since 1954"
122,28/12/2017,Markets,European shares finish lower on light holiday trade
123,28/12/2017,Finance,Bitcoin briefly falls 11% after South Korea moves to ban new cryptocurrency trading accounts
124,28/12/2017,Markets,"Rules to limit speculation in cryptocurrency trading are a good thing, says BitSpread"
126,29/12/2017,Markets,Pershing Square says it has reached an agreement to settle lawsuits related to Allergan
127,29/12/2017,Markets,Bitcoin led the best-performing ETFs this year
128,29/12/2017,Markets,Most of Europe closes lower on 2017's last trading day but FTSE hits record high
129,29/12/2017,Markets,Stocks end lower as selling accelerates into the close; S&P still posts best year since 2013
130,29/12/2017,Markets,"Digital currency ripple soars nearly 56 percent, becomes second-largest cryptocurrency by market cap"
131,01/01/2018,Markets,18 stocks that could rise 25% in 2018
132,01/01/2018,Markets,Here are three key global themes set to dominate markets in 2018
133,02/01/2018,Markets,"Markets testing the Fed as the dollar slumps, says analyst"
134,02/01/2018,Markets,A Merrill Lynch indicator that predicted last year's surge sees another 19% gain in 2018
135,02/01/2018,Markets,"Bitcoin could boost Japan's GDP, Nomura analysts say"
136,02/01/2018,Markets,"2018 will bring a disastrous geopolitical event that rivals the 2008 financial crisis, says foreign policy expert Ian Bremmer"
137,02/01/2018,Markets,"CEO of soaring 'blockchain' stock sells about $870,000 worth of the shares"
138,02/01/2018,Markets,Bitcoin rises after report says early Facebook investor Peter Thiel is buying massive amounts
139,02/01/2018,Markets,Europe stocks close mixed as investors monitor Iran protests; Steinhoff up 9%
140,03/01/2018,Markets,Europe markets close higher as investors monitor sweeping reforms to EU financial sector laws
141,03/01/2018,Markets,EU clearing houses given last-gasp MiFID reprieve
142,03/01/2018,Markets,Trading firm’s stock spikes 20% after it says cryptocurrency boom has boosted profits
143,03/01/2018,Markets,Digital currency stellar jumps 60% into sixth place by market capitalization
144,04/01/2018,Markets,Chinese social network’s stock jumps 47% after it says it’s raising money through cryptocurrency
145,04/01/2018,Markets,Ripple co-founder is now richer than the Google founders on paper
146,04/01/2018,Markets,One stock analyst's $10 trillion bull case for cryptocurrencies
147,04/01/2018,Markets,"UBS raises 2018 S&P 500 forecast three trading days into the year, now sees 18% surge"
148,04/01/2018,Markets,"Merrill Lynch bans its clients, advisors from trading bitcoin-related investments"
149,04/01/2018,Markets,Investor who called last two major market crashes says bitcoin is a bubble
150,04/01/2018,Markets,"It's only a matter of time before China lifts crypto exchange ban, entrepreneur says"
151,04/01/2018,Markets,Another tiny digital coin leaps into the top 10 cryptocurrencies
152,04/01/2018,Markets,"Trump takes credit for Dow 25,000, says 'I guess our new number is 30,000'"
153,04/01/2018,Markets,Why cheering on the stock market is risky for Trump
154,04/01/2018,Markets,Europe stocks close higher on upbeat services growth; FTSE 100 hits record high
155,04/01/2018,Markets,China tightens bond trading rules in deleveraging campaign: Sources
156,05/01/2018,Markets,"Ethereum hits record high; bitcoin briefly climbs back above $17,000"
157,05/01/2018,Markets,"Europe stocks end session higher as FTSE, Swiss index notch record highs"
158,05/01/2018,Markets,Cryptocurrency ripple briefly drops more than 11 percent
159,05/01/2018,Markets,"Investors face tough decisions over what to do with their portfolios in 2018, analysts say"
160,05/01/2018,Markets,White House says the stock market is cheap right now
161,06/01/2018,Markets,Second-largest cryptocurrency ripple may have run ahead of itself
163,08/01/2018,Markets,Europe stocks close higher; Germany in fresh coalition talks; Mothercare down 27%
164,08/01/2018,Finance,"Big banks may be cautious, but others will chase crypto volatility, expert says"
165,08/01/2018,Markets,Oprah Winfrey's Golden Globes speech sends Weight Watchers stock soaring
166,09/01/2018,Finance,"Things are looking up for China's financial firms, UBS says"
167,09/01/2018,Finance,Fed's Kashkari: Biggest banks need to double current capital levels
168,09/01/2018,Finance,Fund managers say bitcoin ETF proposals were withdrawn due to SEC concerns
169,09/01/2018,Markets,European markets close higher amid upbeat economic data; Altice soars over 10%
170,10/01/2018,Finance,Minneapolis Fed proposes massive regulation change for big banks
171,10/01/2018,Markets,"Now is not the time to sell stocks, JP Morgan strategist says"
172,10/01/2018,Markets,European markets close lower; banks rally 2%; Metrobank up 4.34%
174,10/01/2018,Markets,"Cantor CEO says it's blue skies for markets in 2018, thanks to tax reform"
175,10/01/2018,Markets,"Three rate hikes by the Fed in 2018 would be problematic for markets, expert says"
176,11/01/2018,Markets,"Markets could weaken by mid-2018 amid tax reform's 'horrendous' timing, Morgan Stanley projects"
177,11/01/2018,Markets,"China shunning US debt is ‘not relevant’ and will not happen, economist says"
179,11/01/2018,Markets,Europe markets close lower amid earnings and data; Pandora slumps nearly 11%
181,12/01/2018,Markets,BlackRock CEO Larry Fink: Retirement savers even as old as 50 should mostly be in stocks
183,12/01/2018,Markets,"Stock funds rake in $24 billion in the first week of 2018, sixth-biggest inflow ever"
184,12/01/2018,Markets,"Europe ends slightly higher, boosted by a strong Wall Street session; GKN rises 26%"
185,12/01/2018,Markets,"BlackRock's Fink, who oversees $6 trillion, says he's still 'quite bullish' on stocks due to global growth"
186,12/01/2018,Finance,"Wells Fargo earnings: $1.16 a share, vs $1.07 EPS estimate"
187,12/01/2018,Markets,"RiverFront rotates some investments into international markets, strategist says"
189,15/01/2018,Markets,Europe ends under slight pressure as Carillion collapse weighs on sentiment; Metso drops 9.8%
191,16/01/2018,Markets,"Don't expect the back-end of the yield curve to climb much from here, UBS says"
192,16/01/2018,Markets,"More than 200,000 sign petition in South Korea to stop government's crackdown on bitcoin 'happy dream'"
194,16/01/2018,Markets,Billionaire Sam Zell sees 'irrational exuberance' in the stock market and holds mostly cash
195,16/01/2018,Markets,"Europe posts minor gains by the close, but commodity slump weighs"
196,16/01/2018,Markets,Ripple tumbles more than 40 percent to start 2018
198,16/01/2018,Finance,"Countries are 'specifically targeting' China with 'protectionism,' official says"
199,16/01/2018,Markets,"US stock market is a bubble, but it may not burst for awhile, says sovereign wealth fund advisor"
202,17/01/2018,Markets,Just one major cryptocurrency is gaining amid a market-wide sell-off
203,17/01/2018,Markets,"Bull market may find it hard to keep this momentum, but that doesn't mean it's over"
204,17/01/2018,Markets,"Stocks are now in 'complete bitcoin territory,' asset manager says"
205,17/01/2018,Finance,China banking regulator chief warns 'black swan' event could threaten financial stability
206,17/01/2018,Markets,"Bitcoin and ethereum suffered massive drops, but many cryptocurrencies are faring even worse"
207,17/01/2018,Markets,Ripple co-founder loses $44 billion on paper during cryptocurrency crash
208,17/01/2018,Markets,Digital currency plunge may be healthy for cryptocurrency market
209,17/01/2018,Markets,Stock market optimism from pros reaches highest level in nearly 32 years
210,17/01/2018,Markets,Europe closes slightly lower as corporate earnings weigh; Burberry tumbles 9.3%
211,18/01/2018,Markets,"'It's never safe to invest in bitcoin,' says Evercore analyst"
212,18/01/2018,Finance,Trump's consumer protection bureau has an odd budget request: Zero
213,18/01/2018,Markets,Europe stocks close higher after Wall Street open; Geberit surges 6%
214,18/01/2018,Markets,The Dow's 31% gain during Trump's first year is the best since FDR
215,18/01/2018,Markets,"Wells Fargo double charges online bill-pay customers, says it's working to correct the glitch"
216,18/01/2018,Markets,"South Korea is considering shutting down all virtual currency exchanges, regulator says"
218,19/01/2018,Markets,Staten Island-based 'CabbageTech' charged with bitcoin-related fraud after promising 300% returns in a week
219,19/01/2018,Finance,SEC says it's worried about 'significant' issues with cryptocurrency ETF plans
220,19/01/2018,Markets,"European stocks close higher after euro zone, pan-European indexes hit multi-year highs"
221,19/01/2018,Markets,"Volatility from a possible government shutdown is a good opportunity to invest, Albion strategist says"
222,19/01/2018,Markets,"US stocks will likely run higher for another 11 years, Wall Street's Tom Lee says"
224,19/01/2018,Markets,"New GOP tax law will boost corporate earnings at least 10%, says Merrill Lynch wealth manager"
225,19/01/2018,Markets,Trump's market cheerleading tweets could end up fueling a bubble
226,19/01/2018,Markets,10-year Treasury yield jumps to its highest level since 2014
227,22/01/2018,Finance,"Reports on South Korea's cryptocurrency plans keep rolling out, but many remain upbeat"
228,22/01/2018,Markets,"US stocks had a good first year under Trump, but overseas markets did better"
229,22/01/2018,Markets,"Nearly $400 million lost, stolen from sales of new digital coins, Ernst & Young says"
230,22/01/2018,Markets,"Europe closes mostly higher, boosted by uptick in telecoms, banks, oil; William Hill slumps 11.6%"
231,23/01/2018,Markets,"Bitcoin is now higher, reversing earlier losses that brought it below $10,000"
232,23/01/2018,Finance,South Korea to ban cryptocurrency traders from using anonymous bank accounts
233,23/01/2018,Markets,European stocks close mostly higher on the back of positive earnings; Logitech up 8%
234,23/01/2018,Markets,Exec from Gundlach's firm sees global growth pushing bond yields and commodities higher
235,23/01/2018,Markets,Here's why one investor is way more comfortable with marijuana than bitcoin
236,23/01/2018,Markets,"Bitcoin tumbles below $10,000 and is now down 25% on the year"
238,24/01/2018,Markets,"Saudi Aramco will list in Hong Kong eventually, says the city's stock exchange chief"
239,24/01/2018,Markets,Europe stocks close lower as corporates deliver mixed bag of earnings; Macron speaks at Davos
240,24/01/2018,Markets,Stellar jumps 20% after Stripe says it may add support for the digital coin
241,24/01/2018,Markets,Investors have learned one key thing during this record-setting stock market advance: Ignore Trump's tweets
242,24/01/2018,Markets,US cannabis companies look to Canada when going public
243,25/01/2018,Markets,"Stock trading app Robinhood to launch bitcoin, ethereum trading in five states"
244,25/01/2018,Markets,Puerto Rico unveils revised fiscal plan: No debt service payments for the next 5 years
246,25/01/2018,Markets,"European stocks close lower as earnings, ECB decision take center stage"
247,25/01/2018,Markets,SEC devoting 'significant' portion of resources for catching cryptocurrency scams
249,26/01/2018,Markets,An indicator with a perfect track record just sent a 'powerful' sell signal
250,26/01/2018,Markets,European stocks close higher on back of solid earnings; Trump speaks at Davos
251,26/01/2018,Markets,"People show huge interest in Robinhood Crypto, but skeptics worry it will just fuel the bubble"
252,26/01/2018,Markets,Wynn shares tumble 10% after reports of 'decades-long pattern of sexual misconduct' by CEO Steve Wynn
253,26/01/2018,Markets,Japanese cryptocurrency exchange loses more than $500 million to hackers
254,28/01/2018,Finance,Hacked Japanese cryptocurrency exchange to repay owners $425 million
255,29/01/2018,Finance,"Deutsche Bank defends $1.2 billion bonus pay, blames US tax overhaul for its annual loss"
256,29/01/2018,Markets,Metlife shares drop after postponing earnings release
257,29/01/2018,Markets,"Traditional market trends are broken and it’ll only get worse, strategist warns"
258,29/01/2018,Markets,January's rocket market rise doesn't mean the bull market is near its end
259,29/01/2018,Markets,European stocks close lower amid earnings; Austria Microsystems surges 17%
260,29/01/2018,Markets,Goldman Sachs sees 'high probability' of a stock market correction in the coming months
261,29/01/2018,Markets,"US regulators to fine UBS, Deutsche Bank, HSBC for 'spoofing' and manipulation: Sources"
262,29/01/2018,Markets,More than 1 million people sign up for early access to Robinhood's new crypto trading service
263,29/01/2018,Finance,Chinese investors keep losing billions online. Here’s why.
264,29/01/2018,Finance,JP Morgan says Jamie Dimon will continue to serve as CEO for five more years
265,30/01/2018,Markets,DoubleLine's Gundlach still betting on commodities
266,30/01/2018,Finance,New cryptocurrency rules just came into effect in South Korea
267,30/01/2018,Markets,SEC halts one of the largest 'ICOs' ever as it wades deeper into the murky world of cryptocurrency offerings
268,30/01/2018,Markets,S&P 500 snaps its longest streak ever without back-to-back 0.5 percent declines
269,30/01/2018,Markets,Facebook ban on bitcoin ads is the latest in a very bad day for cryptocurrencies
270,30/01/2018,Markets,Bond expert predicts a ‘wall of buying’ in Treasurys will protect the stock market
272,30/01/2018,Markets,European markets close lower; Swatch up 5%
273,30/01/2018,Markets,"Bitcoin drops 12%, falls below $10,000 amid broad cryptocurrency sell-off"
274,31/01/2018,Markets,Alan Greenspan says there are bubbles in both stocks and bonds
275,31/01/2018,Markets,European markets close mixed; Capita falls 47% after profit warning; H&M down over 10%
276,31/01/2018,Markets,"There’s a risk of market turbulence, but it’s unlikely to hit until 2019, says Santander chairman"
277,31/01/2018,Markets,"Expect to see commodities rise because the dollar will keep falling, analysts say"
278,31/01/2018,Markets,Square shares climb after the payments company launches bitcoin trading for most users
279,31/01/2018,Markets,Traders are still expecting two to three rate hikes this year after Fed statement
280,31/01/2018,Markets,"The 9-year stock rally still has 'years left,' says one of Wall Street's most bullish strategists"
281,01/02/2018,Markets,"No bull market ahead for commodities, Wells Fargo says"
282,01/02/2018,Finance,Broadcom said to view Qualcomm earnings as concerning: Sources
283,01/02/2018,Markets,CME Group's fourth-quarter profit soars on a $2.6 billion tax gain
284,01/02/2018,Markets,"Bitcoin drops below key $9,000 level on Coinbase"
286,01/02/2018,Markets,"European stocks close lower on corporate earnings, Wall Street losses"
287,02/02/2018,Markets,Why haven't the markets been halted amid this plunge? They haven't fallen enough
288,02/02/2018,Markets,European close lower; Deutsche Bank ends down more than 5 percent
289,02/02/2018,Markets,The Bank of England could validate some long-awaited optimism for the UK economy
290,02/02/2018,Markets,Chart analyst: Bet on at least an 8 percent pullback for stocks
291,02/02/2018,Markets,"A drop of more than 600 points in the Dow is very, very rare"
292,02/02/2018,Markets,P&G and these other Dow stocks go down the least when the market is in the grips of a sell-off
294,02/02/2018,Markets,The violent market sell-off was pretty easy to spot and a long time coming
295,02/02/2018,Markets,"After the market's terrible day, the devil's in the quarter-point detail"
296,02/02/2018,Markets,Retail investors piling an 'enormous amount' of money into the market: TD Ameritrade CEO
297,02/02/2018,Markets,Some investors are worried low volatility might be the start of a market crash. Here’s why
299,02/02/2018,Markets,Stock market loses nearly $1 trillion on the week
300,02/02/2018,Markets,"As bitcoin gets cut in half and continues to dive, Wall Street's Tom Lee remains bullish"
302,05/02/2018,Markets,"Bitcoin continues to tumble, briefly breaking below $6,000"
303,05/02/2018,Markets,Why the stock market plunged Monday
304,05/02/2018,Markets,European markets close amid global sell-off
305,05/02/2018,Markets,Here's a live look at trading in the Dow Jones industrial average futures
306,05/02/2018,Markets,Behind the latest bitcoin plunge: A credit card ban and increased scrutiny from regulators
307,05/02/2018,Markets,Texas takes the lead on states' cryptocurrency crackdowns
308,05/02/2018,Markets,CEO of high-speed trading giant Virtu: Don't blame the computers for the Dow's huge plunge
309,05/02/2018,Markets,More than $90 billion in value wiped out from the popular 'FANG' tech stocks
310,05/02/2018,Markets,"After Dow plunges, White House says it's focused on 'long-term economic fundamentals'"
311,05/02/2018,Markets,"Market sell-off is just ‘noise,’ fund manager says"
312,05/02/2018,Markets,"Ray Dalio: Recent market declines are just 'minor corrections,' still lots of cash to buy the dip"
313,05/02/2018,Markets,Wall Street’s biggest bull isn't fazed by the massive selling
314,05/02/2018,Markets,"Obscure security linked to stock volatility plummets 80% after hours, sparking worries of bigger market effect"
315,05/02/2018,Markets,"Now is the time to buy equities and the euro zone is looking good, says CIO"
316,05/02/2018,Markets,"Cramer calls the stock market's nearly 1,600-point plunge a 'flash crash' — it just 'broke again'"
317,05/02/2018,Markets,Wall Street vet Yardeni: Trump tax cuts will pull stocks out of their current tailspin
318,05/02/2018,Markets,"Dow futures pare losses after earlier pointing to a more than 1,200-point fall at the open"
319,05/02/2018,Markets,NYSE president: 'Nothing new under the sun' but a crush of selling caused the meltdown
320,05/02/2018,Markets,Stock market loses more than $1 trillion in value in February
321,05/02/2018,Markets,Blackstone COO Tony James: Stock market decline could reach 10 to 20 percent
323,06/02/2018,Markets,"Market sell-off is an 'overdue and welcome' correction, top fund manager says"
324,06/02/2018,Markets,Icahn: The market will one day 'implode' because of these wacky funds using so much leverage
325,06/02/2018,Markets,"Malaysia and Singapore to establish a trading link between exchanges, Malaysian prime minister says"
326,06/02/2018,Markets,Cramer: This security going 'haywire' after hours is going to pressure the whole stock market on Tuesday
327,06/02/2018,Markets,Something is clearly out of whack because the volatility index is surging like this is a crash...but it's not
328,06/02/2018,Markets,Here’s how much the stock market would have to drop to wipe out Donald Trump’s stock rally
329,06/02/2018,Markets,European stocks close sharply lower amid continued global sell-off
330,06/02/2018,Markets,The US government is trying to get coordinated in its efforts to regulate bitcoin
331,06/02/2018,Markets,Market's most popular volatility index is out of control
332,06/02/2018,Markets,"Bitcoin bounces back, briefly rises 12% above $7,700"
333,06/02/2018,Markets,Investment strategist: Here's what to buy during the dip
334,06/02/2018,Markets,Buying stocks at the 3 worst times in the past 30 years still proved the best place to invest
335,06/02/2018,Markets,Global stocks plunge as sell-off spreads around the world
336,06/02/2018,Markets,Credit Suisse says it will end trading in the volatility security that's become the focus of this sell-off
337,06/02/2018,Markets,Watch the Dow's crazy day unfold in this live shot from the New York Stock Exchange
338,06/02/2018,Markets,"Mnuchin: White House is monitoring the volatile markets, but they appear to be functioning normally"
339,06/02/2018,Markets,"A ‘hammering’ is coming for Treasurys and stocks won’t like it, analyst warns"
340,06/02/2018,Markets,Mnuchin: Computerized trading 'definitely' helped drive this week's big market swings
341,06/02/2018,Markets,BlackRock distances itself from products that have freaked out the market
342,06/02/2018,Markets,"Central banks were behind the complacency in markets, now investors are spooked: Economist"
343,06/02/2018,Markets,Buy now or stay clear? Here's what analysts are saying about the US sell-off
344,06/02/2018,Markets,"The ‘ferocious’ market sell-off was driven by algorithms, strategist says"
345,07/02/2018,Markets,JP Morgan analyst Kolanovic: ‘The worst is over'
346,07/02/2018,Markets,European markets close higher after recent market turmoil; Stoxx up 2%
347,07/02/2018,Markets,Here's what the market's wild day looked like in numbers
348,07/02/2018,Markets,Credit Suisse defends controversial financial product at the center of the market turmoil
349,07/02/2018,Markets,"Bitcoin surges by more than $2,000 in just over a day"
350,07/02/2018,Markets,"Most cryptocurrencies will crash to zero, Goldman Sachs says"
351,07/02/2018,Markets,"World stocks claw back from two-month lows, but markets remain on edge"
352,07/02/2018,Markets,"Markets are hoping wild volatility is over, but history suggests it's not"
353,07/02/2018,Markets,The bull market is in the process of topping out: Morgan Stanley global stocks chief
354,08/02/2018,Markets,Wynn Macau shares surge after Steve Wynn quits CEO role
355,08/02/2018,Markets,Why haven't the markets been halted amid this drop? They haven't fallen enough
356,08/02/2018,Markets,European markets close lower as tech stocks slump; DAX down 2.6%; BOE holds rates
357,08/02/2018,Finance,BlackRock is reportedly raising $10 billion to start a Berkshire Hathaway-like venture
358,08/02/2018,Markets,The stock market is officially in a correction... here's what usually happens next
359,08/02/2018,Markets,"These two Wall Street analysts nailed it, calling for a correction days before the plunge began"
360,08/02/2018,Markets,Minneapolis Fed President Neel Kashkari says bitcoin is for 'toy collectors'
361,08/02/2018,Markets,"Younger investors are doing something unexpected during this plunge, they're remaining calm"
362,08/02/2018,Markets,The market's tanking: Here are the stocks leading the plunge
363,08/02/2018,Markets,Bitcoin becomes just like everything else on Wall Street as correlation with stocks jumps to 2-year high
364,08/02/2018,Markets,The stocks that are doing well in the face of the plunge: Tobacco and cereal
365,09/02/2018,Markets,Sen. Paul cites jittery markets and rising rates as reasons to block spending bill
366,09/02/2018,Markets,US stock funds suffer record outflows of $23.9 billion
367,09/02/2018,Markets,European stocks close lower amid global market turmoil; Amundi slips 6%
368,09/02/2018,Markets,The market sell-off is only 'shocking' because investors got used to smooth sailing
369,09/02/2018,Markets,AT&T CEO: I had dinner with a bunch of CEOs and we don't see the market correction changing our outlook
370,09/02/2018,Markets,Fidelity is trying to save investors from blowing up their accounts in another wacky fund
371,09/02/2018,Markets,Stock market value wiped out equals $2.5 trillion and counting...
372,09/02/2018,Markets,"Dow travels more than 22,000 points in one of the wildest weeks since the financial crisis"
373,09/02/2018,Markets,The analyst who called this correction sees one more 'panic' ahead before the bottom
374,09/02/2018,Markets,"The market may be swinging, but the last thing you should do is freak out: Wall Street trading coach"
375,10/02/2018,Finance,"RBS nears financial crisis settlement with US, UK authorities: Sky News"
376,11/02/2018,Markets,"Market drop is a 'welcome correction' for the IMF, says Christine Lagarde"
377,12/02/2018,Markets,European stocks end sharply higher as global markets rebound
378,12/02/2018,Markets,"Apple, these other stocks have led this monster bounce from last week’s lows"
379,12/02/2018,Markets,Bridgewater investment chief sees new era of volatility
380,12/02/2018,Markets,"Sell-off could return by Wednesday as hot inflation data hits, trader says"
381,12/02/2018,Markets,The fastest stock market correction ever may not necessarily mean an equally speedy rebound
382,13/02/2018,Markets,Europe stocks close in the red amid corporate earnings; miners outperform
383,13/02/2018,Markets,"'Whistleblower' alleges manipulation in the VIX 'fear gauge,' urges regulators to investigate"
384,13/02/2018,Markets,"US economy is an 'accident waiting to happen,' says Yale economist Stephen Roach"
385,13/02/2018,Markets,Dollar skids to a 5-month low against the yen as risk appetite returns to markets
386,13/02/2018,Markets,Mark Cuban: 'There was blood in the street' — here's the way I'm hedging the market swings
387,14/02/2018,Markets,"David Tepper's hedge fund bets on T-Mobile, reduces stake in Southwest Airlines"
388,14/02/2018,Markets,"Europe ends sharply higher amid earnings, as investors shake off US inflation data "
389,14/02/2018,Markets,Dan Loeb's Third Point takes 2 million share stake in Netflix
390,14/02/2018,Markets,Boeing and these other Dow stocks outperform when inflation is running hotter
391,14/02/2018,Markets,"Moore Capital bought Wynn Resorts, other casino stocks before Steve Wynn resigned"
392,14/02/2018,Markets,Former CFTC commissioner: Whistleblower allegation about volatility index manipulation 'rings true'
393,14/02/2018,Markets,"Litecoin jumps 30 percent as traders bet on more users, upcoming split into litecoin cash"
394,14/02/2018,Markets,Draghi faces an impossible task to weaken the euro — and he might not even try
396,14/02/2018,Markets,Credit Suisse CEO on controversial volatility trades: 'It worked well for a long time until it didn't'
397,14/02/2018,Markets,"This market is ‘nuts’ and ‘very similar’ to 2008, investment manager warns"
398,15/02/2018,Markets,"Top stock-picking hedge funds love gaming, health care and media shares"
399,15/02/2018,Markets,"Market correction? Just do what Warren Buffett does, says one investor"
401,15/02/2018,Markets,"Soros' fund buys shares of cryptocurrency play Overstock.com, while dumping Facebook "
402,15/02/2018,Markets,Billionaire Blackstone CEO Steve Schwarzman: Inflation fears should not overshadow benefits of a stronger economy
403,15/02/2018,Markets,US regulator warns of ‘pump-and-dump’ cryptocurrency frauds
404,15/02/2018,Markets,Smith & Wesson's parent company closes higher after the Florida shooting
405,15/02/2018,Markets,BlackRock bond guru: Treasury plan to borrow nearly $1 trillion will have a huge impact on markets
406,15/02/2018,Finance,"As Puerto Rico pushes forward with new fiscal plan, Tesla and others propose energy fixes"
407,15/02/2018,Markets,Europe holds onto gains at the close amid mixed earnings; Airbus soars 10.3%
408,15/02/2018,Markets,"Apple, Teva rip higher on Buffett's Berkshire investments"
410,16/02/2018,Markets,European stocks close higher after strong earnings; Stoxx 600 up 1.1%
412,16/02/2018,Finance,China's HNA Group trims stake in Deutsche Bank to around 8.8%
413,16/02/2018,Markets,Indicted Russians used PayPal and cryptocurrency exchange accounts
414,16/02/2018,Markets,Three tiny stocks with same CEO suspended by SEC for questionable cryptocurrency announcements
415,16/02/2018,Markets,Russian stocks tumble on Mueller indictments
416,17/02/2018,Markets,Worldpay and Visa are reversing duplicate transactions for Coinbase users
417,19/02/2018,Markets,"Bitcoin broke through $11,000 for the first time since January"
418,19/02/2018,Markets,European markets close lower amid light trading volumes; Reckitt Benckiser down 7.5%
419,19/02/2018,Markets,'No equity bear market but more corrections' seen by Citi strategists
420,19/02/2018,Markets,"Euronext CEO on volatility ETNs: We will probably miss opportunities, but make fewer mistakes"
422,20/02/2018,Markets,Europe finishes on a positive note amid strong earnings; HSBC shares fall 3%
425,20/02/2018,Finance,Cryptofunds tap into Wall Street's talent pool
427,21/02/2018,Markets,One potential threat to the stock market may be playing out
429,21/02/2018,Markets,European stocks swing to close higher; Glencore rises 5.7%
430,21/02/2018,Markets,Bitcoin exchanges add tech to make transactions 20% cheaper
431,21/02/2018,Markets,SEC charges former bitcoin exchange and its founder with fraud
432,21/02/2018,Markets,"Market sell-offs 'tend to happen in three waves' and the last one is coming, strategist warns"
434,21/02/2018,Markets,"For the best returns on European equities, go local, expert says"
435,21/02/2018,Markets,"Twitter, Snap will grow at the expense of Facebook, analyst predicts"
436,21/02/2018,Finance,Bahrain's sovereign fund in talks to invest in SoftBank's Vision Fund: CEO
438,22/02/2018,Markets,Banking CEO who called volatility spike names the next markets danger spot
439,22/02/2018,Markets,"Markets are getting it wrong on rising inflation, economist warns"
440,22/02/2018,Markets,"European Central Bank could revisit its monetary policy 'early this year,' minutes reveal"
441,22/02/2018,Markets,European markets recover losses by close; Barclays up over 4%
443,22/02/2018,Markets,"A high concentration of tech stocks in an index is a ‘danger sign,’ says analyst"
445,22/02/2018,Finance,State pensions and fund companies feel heat over their investments in gun makers
447,23/02/2018,Finance,Here's the list of companies that have bailed on partnerships with the NRA 
448,23/02/2018,Finance,"Dimon, other CEOs talk jobs and economic growth at private White House dinner with Trump"
449,23/02/2018,Markets,Europe markets close mixed amid corporate earnings; Valeo down 11%
450,23/02/2018,Markets,Bank of America is worried about the threat of cryptocurrency to its business
451,23/02/2018,Markets,Energy shares in Asia climb as oil prices hold onto gains following US inventory decline
452,23/02/2018,Markets,Secretive Chinese bitcoin mining company may have made as much money as Nvidia last year
453,24/02/2018,Finance,Lower tax rate fuels record profit for Buffett's Berkshire Hathaway
454,26/02/2018,Markets,Steve Wozniak says someone stole seven bitcoins from him
455,26/02/2018,Markets,"European markets close higher as focus shifts to data, politics; Anglo American up 3%"
456,26/02/2018,Markets,World's largest asset manager says get ready to 'stomach complete losses' in cryptocurrencies
457,26/02/2018,Finance,Mexico slaps billionaire's steel company with fine for stock manipulation
458,26/02/2018,Markets,What correction? Popular 'FAANG' stock portfolio is already back to new high
459,26/02/2018,Markets,Bitcoin spikes $900 higher 
462,27/02/2018,Markets,"European stocks close in the red amid earnings, Powell testimony; Sky surges 20.5%"
465,28/02/2018,Markets,Fed's Powell sends world stocks reeling to a five-day low to end a turbulent February
466,28/02/2018,Markets,"Struggling bitcoin will double by midyear, Wall Street's Tom Lee says"
467,28/02/2018,Markets,European stocks close lower on Powell’s comments; ITV down 7.6%
468,01/03/2018,Markets,Overstock.com drops after revealing SEC investigation into cryptocurrency token sale
469,01/03/2018,Markets,"Europe finishes deep in the red amid mixed earnings, Powell testimony reaction"
470,01/03/2018,Markets,Tudor Jones says US will 'regret' the tax cut
471,01/03/2018,Finance,"Bitcoin edges lower, then pares some losses, after news that SEC is probing cryptocurrencies"
473,01/03/2018,Markets,Ex-Fed Chairman Alan Greenspan: 'We are in a bond market bubble' that's beginning to unwind
474,02/03/2018,Markets,Chinese officials urge Trump not to abandon global trade order
475,02/03/2018,Markets,SEC subpoenas TechCrunch founder's cryptofund amid broader investigation into digital coins
476,02/03/2018,Markets,"Forget tariffs, China's alleged intellectual property theft a bigger threat to market: Analyst"
478,02/03/2018,Markets,Europe tumbles by the close as Trump’s tariff announcement spooks investors
479,03/03/2018,Markets,Use bitcoin to hedge fears of losses during a trade war: Bitcoin bull Brian Kelly
480,05/03/2018,Markets,Europe ends on a high note despite Italy's political uncertainty; AXA sinks 9.7%
481,05/03/2018,Markets,Cryptocurrency ripple jumps as traders speculate on Coinbase adding trading
482,05/03/2018,Finance,The wealthy are using pawn shops to finance their business ideas
484,06/03/2018,Markets,"Coinbase's bitcoin cash trading rollout cost investors $5 million, lawsuit says"
485,06/03/2018,Markets,Early internet investor Tim Draper predicts in five years we'll only be using cryptocurrencies to pay
486,06/03/2018,Markets,Stocks are set to tank after Wall Street-friendly Cohn resigns
487,06/03/2018,Markets,"Canadian marijuana company's Nasdaq listing bodes well for the industry, but US companies still face barriers"
489,06/03/2018,Finance,Amazon could become the third-biggest US bank if it wants to: Bain study
490,06/03/2018,Markets,"Europe ends slightly higher despite Italy uncertainty, US tariff concerns"
491,06/03/2018,Markets,Bitcoin exchange Coinbase launches the 'Dow' of cryptocurrencies
492,07/03/2018,Markets,Scaramucci: Markets are overreacting to 'shock' of tariffs
493,07/03/2018,Markets,European stocks close higher after EU threatens US with tariffs; Renault briefly pops 8%
494,07/03/2018,Markets,"Virtual currencies are commodities, US judge rules"
495,07/03/2018,Markets,Ripple CEO tells cryptocurrency industry to 'work with the regulators'
496,07/03/2018,Markets,The SEC just made it clearer that securities laws apply to most cryptocurrencies and exchanges trading them
499,08/03/2018,Finance,Japanese authorities issue punishments to several cryptocurrency exchanges
500,08/03/2018,Markets,Europe markets closed higher for the fourth straight session following ECB decision
501,08/03/2018,Markets,"Bitcoin drops over increased scrutiny of exchanges, now down 18% over 2 days"
502,09/03/2018,Markets,"Cash is back as an asset because of rising US bond yields, strategist says"
503,09/03/2018,Markets,Chart analysts are getting worried about bitcoin: 'No touch'
504,09/03/2018,Markets,"Bitcoin prices fall below $9,000 — a 24% decline for the week"
505,09/03/2018,Finance,Cramer on possible Blankfein exit: He wants 'new blood' and didn't want to stay there 'too long'
506,09/03/2018,Markets,Wall Street analyst creates new index that tries to tell you when to buy bitcoin
507,09/03/2018,Markets,A look at who could next run Goldman Sachs
508,09/03/2018,Markets,Europe finishes in the black after US adds 313K jobs in February
509,09/03/2018,Finance,Goldman's long-time CEO Lloyd Blankfein may be preparing to leave
510,09/03/2018,Markets,The government's crypto crackdown may not affect bitcoin: Blockchain venture capitalist
512,12/03/2018,Markets,Political turmoil won't stop the markets from going higher: Wall Street veteran Yardeni
514,12/03/2018,Markets,"Honeywell, other US companies look to benefit from China's gigantic 'Belt and Road' initiative"
515,12/03/2018,Markets,Investors bullish on bitcoin now that the 'Tokyo Whale' has stopped selling
516,12/03/2018,Finance,David Solomon to be next president and CEO of Goldman Sachs
517,12/03/2018,Finance,Cramer: Goldman's move gives David Solomon a great chance to grow into the CEO job
518,12/03/2018,Markets,"Europe ekes out minor gains by the close, as utilities outperform fellow sectors "
519,12/03/2018,Markets,Trump says Commerce Secretary Ross will speak with EU about eliminating tariffs against US
520,12/03/2018,Markets,Want free cryptocurrency? 'Airdrops' is coming
521,13/03/2018,Finance,"Japan will urge G20 to step up on preventing cryptocurrencies for money laundering, says government official"
522,13/03/2018,Finance,China plans new ministries and merger of regulators in massive government revamp
523,13/03/2018,Markets,Europe finishes sharply lower after Tillerson ousting rattles markets; Iliad tumbles 10%
524,13/03/2018,Markets,"Bitcoin can’t provide the answer to a cashless society, top central bank policymakers say"
526,13/03/2018,Markets,Just two stocks — Boeing and Goldman — have been responsible for keeping the Dow afloat this year
527,14/03/2018,Finance,Former Equifax executive charged with insider trading for dumping nearly $1 million in stock ahead of data breach
529,14/03/2018,Markets,Markets get a friend in Larry Kudlow who might buck Trump on two key issues
530,14/03/2018,Markets,Congressional hearing on cryptocurrencies devolves into bitcoin bash fest
531,14/03/2018,Markets,"Bitcoin bubble 'just about to burst,' major money manager says"
532,14/03/2018,Markets,SEC approves experiment with stock exchanges on issues raised by high-speed trading
533,14/03/2018,Markets,"Bitcoin briefly falls below $8,000 after Google says it will ban cryptocurrency ads"
534,14/03/2018,Markets,European stocks close slightly lower as trade war fears weigh on Wall Street
535,14/03/2018,Finance,Noble Group signs binding agreement for financial restructuring
536,15/03/2018,Markets,Stock-trading app Robinhood now reportedly worth more than $5 billion
537,15/03/2018,Markets,"Bad news for bitcoin miners: It's no longer profitable to create the cryptocurrency, by some estimates"
538,15/03/2018,Markets,Credit Suisse is being sued for losses over a controversial financial product
539,15/03/2018,Markets,"Bitcoin briefly drops below $8,000 again"
540,15/03/2018,Markets,European equities finish on a high note amid strong earnings; trade concerns ease
541,15/03/2018,Markets,Over $60 billion wiped off value of cryptocurrencies in 24 hours as bitcoin slide continues 
542,15/03/2018,Markets,Peter Thiel is betting on bitcoin because one cryptocurrency will become the 'online equivalent to gold'
543,15/03/2018,Markets,Overstock.com shares fall 5% after earnings
544,15/03/2018,Markets,Alibaba shares jump after report it's considering a Chinese listing
545,15/03/2018,Markets,New investors discovering they have hefty tax bills to pay may be contributing to bitcoin's fall
550,16/03/2018,Finance,"The big winners in initial coin offerings are lawyers, Ripple CEO says"
551,16/03/2018,Markets,Bitcoin mining firms getting pushback from New York state for trying to profit from cheap electricity
552,16/03/2018,Markets,Shares of Siemens medical equipment unit Healthineers rise in Frankfurt debut
553,16/03/2018,Markets,"Europe closes higher amid political, trade concerns; Nex Group jumps 30.3%"
554,18/03/2018,Markets,Chinese search giant Baidu's video streaming unit iQiyi launches $2.4 billion US IPO
555,19/03/2018,Markets,Trump issues action blocking Venezuela cryptocurrencies within US
556,19/03/2018,Markets,"Dow drops 335 points, Nasdaq slides 1.8% as Facebook drags tech shares lower"
557,19/03/2018,Markets,Europe markets close lower as Micro Focus tanks 46%; investors look ahead to Fed meeting
559,19/03/2018,Markets,"Bitcoin bounces $700 in less than three hours, capping wild weekend that brought it below $7,400"
562,19/03/2018,Finance,"It is 'hard to understand' why investors are suing Credit Suisse over volatility product, says its CEO"
563,19/03/2018,Markets,"China's car market will grow close to 20 percent in the next five years, Alibaba-backed company predicts"
564,19/03/2018,Markets,"Bitcoin moves above $8,400 after news that 'could have been worse' from G-20 regulators"
565,19/03/2018,Markets,Bitcoin is unfolding like the dot-com crash — just 15 times faster
566,20/03/2018,Markets,Analyst who called the last pullback says it's time to buy on the dip again
567,20/03/2018,Markets,European equities close higher ahead of Fed meeting; Bellway up 3.5 percent
568,20/03/2018,Markets,Zuckerberg has sold more Facebook stock in the last 3 months than any insider at any other company
569,20/03/2018,Markets,"Facebook stock is still worth more than Coca-Cola, PepsiCo and McDonald's combined"
570,21/03/2018,Markets,A global backlash against tech companies is coming that will burst the 'data/platform bubble': Nomura
571,21/03/2018,Markets,An early bitcoin pioneer predicts how the blockchain will change banking
572,21/03/2018,Markets,"Alt-coin bear market is over, but bitcoin is still the best bet: Wall Street's Tom Lee"
573,21/03/2018,Markets,European markets close lower as Fed considers rate hike; Kingfisher dives 10.7%
574,22/03/2018,Markets,February's market jitters should be seen as a 'wake-up call': Credit Suisse
575,22/03/2018,Markets,The market fell because of the tariffs: Art Cashin
576,22/03/2018,Markets,Cryptocurrency slammed by HBO's John Oliver makes a 30 percent comeback this week
577,22/03/2018,Markets,European stocks slump at the close as trade fears weigh; BOE holds steady
578,22/03/2018,Markets,Citigroup sets restrictions on gun sales by business partners
579,22/03/2018,Markets,"Janus' Bill Gross says US, global economies are too leveraged for an aggressive Fed"
580,22/03/2018,Markets,JP Morgan: 'Goldilocks' stock conditions ahead after Fed decision
581,22/03/2018,Markets,"Bitcoin falls back below $9,000 after Japan adds to regulatory uncertainty"
582,22/03/2018,Markets,There could be a silver lining to trade war fears for Asian markets
583,23/03/2018,Markets,Global markets slump as trade-war tensions escalate
585,23/03/2018,Markets,European stocks follow Wall Street to close lower as trade war fears escalate
586,23/03/2018,Markets,"US futures fall on trade worries, Dow implied open more than 100 points in the red"
588,23/03/2018,Markets,"Japanese regulator warns major cryptocurrency exchange for operating without a license, bitcoin falls"
589,25/03/2018,Finance,"China will steadily advance financial reforms, open sector: Central bank governor"
590,26/03/2018,Markets,Shares of cryptocurrency play Longfin drop after short seller Citron calls it a 'pure stock scheme'
592,26/03/2018,Markets,"Cryptocurrency litecoin falls 10% after payments processor 'LitePay' closes; 'We got too excited,' coin founder says"
593,26/03/2018,Finance,UK digital bank that beat peers to an annual profit ‘will go into’ China — eventually
594,26/03/2018,Markets,Traders are betting heavily against Tesla's junk bonds
595,26/03/2018,Markets,"A 'more severe' correction is coming, Allianz CEO predicts"
596,26/03/2018,Markets,European stocks close lower amid tense Russia relations; Fresnillo up 4.5%; Smurfit Kappa down 3%
597,26/03/2018,Markets,China's new oil benchmark jumps more than 6 percent
598,27/03/2018,Finance,Crown prince is putting together a slew of deals to boost Saudi Arabia's tech hopes
599,27/03/2018,Markets,Popular 'FANG' stocks drop most ever as tech backlash grows
600,27/03/2018,Markets,European stocks rebound to close higher after global trade concerns ease; GSK up almost 5%
601,27/03/2018,Markets,Tesla shares fall after Moody's downgrades credit rating
603,27/03/2018,Finance,China fund managers predicted to double their managed assets in the next 5 years
606,27/03/2018,Markets,Cboe encourages SEC to allow bitcoin ETFs
607,27/03/2018,Markets,Economist fears a 30 percent stock market correction with consumer spending ‘maxed out’
608,27/03/2018,Markets,Saudi Stock Exchange chairwoman says 'we are doing everything' to get ready for giant Aramco IPO
609,28/03/2018,Markets,European markets close mixed amid tech sell-off; Shire shares surge 14%
610,28/03/2018,Markets,"Elon Musk 'may have fallen in love with the wrong thing' and it's hurting Tesla, Bernstein says"
611,28/03/2018,Finance,Wells Fargo doesn't appear ready to cut off business with gun sellers
612,28/03/2018,Markets,There's only one survivor of this year's cryptocurrency slaughter: VeChain
614,28/03/2018,Markets,Rio Tinto sells its last Australian coal mine for $2.25 billion
615,28/03/2018,Markets,Commerce Sec Wilbur Ross says Saudi economic transformation could be bigger for kingdom than discovery of oil
616,28/03/2018,Markets,Ripple gives away $29 million of its cryptocurrency to public schools
617,29/03/2018,Finance,US subprime mortgage bonds back in fashion
618,29/03/2018,Markets,"Overstock.com stock offering canceled, source says; shares rise"
619,29/03/2018,Markets,"Bitcoin falls below $7,000, now down more than 25% for the week"
620,29/03/2018,Markets,Buffett rumor can't save GE from being the worst Dow performer in the first quarter
621,29/03/2018,Markets,Ripple is the worst performer among major cryptocurrencies in the first quarter
622,29/03/2018,Markets,Europe closes higher as Renault jumps 6%; Stoxx 600 down 5% for the quarter
623,29/03/2018,Markets,Shares of a personal data broker plunge as Facebook cuts ties
624,29/03/2018,Finance,Record ‘megadeals’ push global takeovers beyond $1.2 trillion
625,29/03/2018,Markets,5 things weighing on the tech sector right now — and why there could be ‘more pain to come’
626,29/03/2018,Markets,Trump hasn't dented enthusiasm for Chinese IPOs in the US
627,30/03/2018,Markets,China launches new share issue options to attract innovative firms
629,02/04/2018,Markets,"Market plunges on first day of second-quarter trading, but some analysts remain bullish"
630,02/04/2018,Markets,"Bitcoin's market value should fall by more than a third before year-end, Swiss researchers say"
631,02/04/2018,Markets,JPMorgan's top blockchain executive Amber Baldet to leave for her own startup
632,02/04/2018,Markets,Biotech stock Alkermes plunges 20% after FDA refuses to review its depression treatment
633,03/04/2018,Markets,"The market may test more lows soon as it seeks a new leader besides tech, analysts say"
634,03/04/2018,Markets,European stocks close lower after tech sell-off; Sodexo down 4.5%
635,03/04/2018,Markets,Trump’s tax cut windfall lifts stock dividends to new record
636,03/04/2018,Markets,Bitcoin prices jump after Japanese online broker reportedly makes bid for a crypto exchange
637,03/04/2018,Markets,"Some stock markets have formed ‘death crosses’ and will likely see a long-term slump, strategist says"
638,03/04/2018,Finance,Spotify's reference price is set at $132 by the New York Stock Exchange
639,03/04/2018,Finance,New York Fed launches a US Libor contender
640,03/04/2018,Finance,Both Silicon Valley and Wall Street are taking notes on Spotify's unconventional debut
641,03/04/2018,Markets,Bitcoin had its worst first quarter in history with over $119 billion wiped off its value
642,03/04/2018,Markets,Shares of cryptocurrency play Longfin drop 30% after disclosing SEC investigation
643,04/04/2018,Markets,CEO of controversial crypto company Longfin blames short sellers for stock plunge
644,04/04/2018,Markets,Fallout from a trade war biggest risk to the market: Wall Street veteran Peter Boockvar
645,04/04/2018,Markets,A China-US trade war could hurt the IPO market for a time: EY
646,04/04/2018,Markets,European stocks close lower as China fires back at US amid trade war fears
647,04/04/2018,Markets,"Watch how futures markets in stocks, soybeans and the dollar tanked suddenly overnight on the China trade retaliation"
648,04/04/2018,Markets,"It is ‘difficult’ to see the start of a recession any time soon, Goldman Sachs strategist says"
649,05/04/2018,Markets,European stocks close sharply higher as trade fears ease; Ubisoft up 11%
651,05/04/2018,Markets,"US households owe $25 billion in taxes on cryptocurrencies, analyst Tom Lee estimates"
652,05/04/2018,Markets,India's central bank bans financial firms from dealing with cryptocurrency
653,05/04/2018,Markets,"Bitcoin is 'worthless' and will perform worse than stocks in the coming months, analyst says"
654,05/04/2018,Markets,"'Epic’ market bubble is ready to burst and stocks could plunge, strategist warns"
655,05/04/2018,Markets,Brazilian stocks jump after court ruling likely cripples Lula's chances for election run
656,05/04/2018,Markets,"Chinese state media claims victory in trade dispute so far, saying Beijing's tariffs will hurt Trump voters"
657,05/04/2018,Markets,Stocks are headed sharply lower at the open after Trump threatens more tariffs on China
659,05/04/2018,Markets,Market volatility is reminiscent of the 1987 crash: Veteran trader Art Cashin
660,05/04/2018,Markets,Facebook shares jump after Zuckerberg says data scandal has had no 'meaningful impact'
661,05/04/2018,Markets,"Barclays upgrades Merck, downgrades competitor Pfizer"
662,05/04/2018,Markets,Shares of Citi and Wells Fargo rise after UBS upgrades both to buy
663,06/04/2018,Markets,"Mark Cuban: With Gary Cohn gone, someone needs to tell Wall Street, 'Don't listen to the president'"
664,06/04/2018,Markets,European stocks close lower amid escalating trade tensions
666,09/04/2018,Markets,Something strange is happening with Japan's bond market: Hardly anyone is trading it
668,09/04/2018,Markets,European close markets mixed; Deutsche Bank up 1.2% after management reshuffle
669,09/04/2018,Markets,Bank of America: Tech stocks could be headed for regulatory-driven collapse similar to tobacco and banks
670,09/04/2018,Markets,Citi warns of bigger market corrections ahead — but says ‘buy on the dips’
671,09/04/2018,Finance,Brexit will cost the UK’s financial regulator $42 million
672,09/04/2018,Finance,Deutsche Bank’s reshuffle leaves analysts questioning its future direction
673,09/04/2018,Markets,"Biotech shares soar on dealmaking, drug breakthroughs; AveXis jumps 81 percent"
674,10/04/2018,Markets,"Kremlin says market slump is emotion-led, will be correction"
675,10/04/2018,Finance,Big banks have found a new way to stay in the subprime lending business
676,10/04/2018,Markets,"The market could be getting Xi's speech wrong, it doesn't mean there won't be a trade war"
677,10/04/2018,Markets,"Failed by Facebook, We’ll Return to the Scene of the Crime. We Always Do."
679,10/04/2018,Markets,"No longer safe assets: Invest in Russia at your own risk after US sanctions, strategist says"
680,10/04/2018,Finance,Deutsche Bank Chairman Achleitner says John Cryan was too slow in delivering results
681,10/04/2018,Markets,Markets are soaring thanks to China's Xi: Read the highlights of his big speech on trade
682,10/04/2018,Markets,European markets close higher as China's Xi soothes trade war concerns; LVMH surges 5%
683,11/04/2018,Markets,All these wild swings in the stock market could mean it's bottoming soon and will rebound
684,11/04/2018,Finance,China pledges to allow more foreign investment in financial sector by year-end
685,11/04/2018,Markets,Europe shares close lower; Tesco up 7.2%
686,12/04/2018,Markets,BlackRock CEO Larry Fink: Don't try to time this wild stock market
688,12/04/2018,Markets,Broadcom shares jump over 4% on $12 billion stock buyback announcement
689,12/04/2018,Finance,"Bank earnings are coming, and they're going to be huge"
690,12/04/2018,Markets,European markets close higher as Trump clarifies on Syria; Man Group 8% higher on earnings
691,12/04/2018,Markets,"We won’t reach 3% on the 10-year Treasury yield until 2020, economist predicts"
693,12/04/2018,Finance,Santander launches a blockchain-based foreign exchange service that uses Ripple’s technology
694,13/04/2018,Finance,Here's why bank stocks are getting hit even after their earnings beat the Street
696,13/04/2018,Markets,European markets close slightly higher; Sage down 8%
700,16/04/2018,Markets,Europe ends in the red as political issues rumble on; WPP sinks 6.5%
701,16/04/2018,Markets,Russia stocks fall after US vows further sanctions; Rusal slumps to record lows
702,16/04/2018,Markets,Rising cost of content cuts into earnings. One firm sells Disney shares in response
703,16/04/2018,Finance,"China's central state-owned firms should strictly control debt investments, regulator says"
706,17/04/2018,Markets,"AMD and Caterpillar are among the stocks that could be big earnings season winners, according to Wall Street analysts"
707,17/04/2018,Markets,Europe finishes on a high note as strong earnings give stocks a boost
708,18/04/2018,Markets,"Europe closes in positive territory amid earnings, jump in commodities"
709,18/04/2018,Markets,Goldman CEO supports Trump's effort to 'even out' US-China trade
710,18/04/2018,Finance,Fund manager Jupiter sees Q1 net outflows of $1.9 billion
711,18/04/2018,Finance,Goldman Sachs CEO Lloyd Blankfein: Economy looks 'awfully good' and should keep growing
712,18/04/2018,Markets,Shares of aluminum producer Alcoa jump almost 4% after earnings beat
713,18/04/2018,Finance,Ernst & Young partner files sexual harassment claim against firm after alleging 2015 groping
715,19/04/2018,Markets,Sleep Number shares tank after sales fall more than expected on competition from online sellers
716,19/04/2018,Markets,Europe markets close mixed amid earnings; oil prices hit multi-year highs
717,19/04/2018,Markets,"There are good reasons to invest in emerging markets — despite higher rates and oil prices, says bond strategist"
718,19/04/2018,Markets,Shares of suppliers to Apple drop after an iPhone chip partner predicts ‘weak demand’ for smartphones
719,19/04/2018,Markets,A global chipmaking giant is blaming a slump in bitcoin mining for its lowered outlook
721,19/04/2018,Markets,Snap-On shares soar on strong earnings
722,19/04/2018,Markets,"Apple, Nvidia shares fall after a key Asian chip partner gives weak guidance"
724,20/04/2018,Finance,"Scandal-hit 1MDB hasn't been contacted by international investigators, CEO says"
726,20/04/2018,Finance,"British regulators to fine Barclays CEO, monitor whistleblowing program"
727,20/04/2018,Markets,Europe ends slightly lower amid fresh earnings; Ericsson jumps 17.5%
728,20/04/2018,Finance,Fine for Barclays CEO likely less than $2 million: Sources
730,23/04/2018,Markets,European markets close higher amid earnings; UBS down by almost 3%
731,23/04/2018,Markets,"Japan will reach 2% inflation target and can begin reducing stimulus in five years, BOJ's Kuroda says"
732,24/04/2018,Markets,Watch the Dow's wild day on the Big Board
735,24/04/2018,Markets,"Caterpillar, Amazon were among the many big stocks reversing suddenly lower in dramatic fashion on Tuesday"
736,24/04/2018,Markets,European stocks close lower after US 10-year yield hits 3 percent for first time since 2014
737,24/04/2018,Markets,More than $85 billion in value wiped from the popular 'FANG' tech stocks
738,24/04/2018,Markets,"Google has more information on you than Facebook, but users and investors don't seem to mind"
739,24/04/2018,Markets,"Bitcoin rallies to a more than one month high near $9,300"
740,24/04/2018,Markets,"3% on the US Treasury yield is ‘just noise’ and does not matter, economist says"
741,25/04/2018,Finance,"Visa earnings: $1.11 per share, vs $1.02 expected"
742,25/04/2018,Finance,The 10-year Treasury yield has hit the 3% level — here’s what that means
743,25/04/2018,Markets,Credit Suisse analyst explains why she likes the Saudi stock market
744,25/04/2018,Markets,"NYSE suspends trading in Amazon, Alphabet on floor because of issue with their $1,000 stock prices"
745,25/04/2018,Markets,Death of the earnings beat: Investors don't care that companies are blowing away Wall Street's estimates
746,25/04/2018,Markets,Companies are complaining they can't find enough truck drivers to ship their stuff because of Amazon
747,25/04/2018,Markets,European stocks close lower as rising yields put investors on edge
748,26/04/2018,Markets,European stocks close higher amid earnings; ECB takes center stage
749,26/04/2018,Markets,Labor Department is reportedly investigating Wells Fargo's 401(k) unit
751,26/04/2018,Markets,There are now 17 million bitcoins in existence — only 4 million left to 'mine'
752,26/04/2018,Markets,American Express closer to breaking into elusive Chinese market
753,26/04/2018,Finance,Barclays and Paypal announce tie-up as banks mull big tech threat
754,27/04/2018,Markets,"Charter plummets nearly 12% on big subscriber losses, drags cable stocks down"
755,27/04/2018,Markets,February's sell-off saw investors yank the most money from US stocks in a decade
756,27/04/2018,Markets,"Cramer on Amazon earnings: 'This was the best quarter I've ever seen' for a company, period"
757,27/04/2018,Markets,Chinese telecom giants Huawei and ZTE face market pressures amid US scrutiny
758,27/04/2018,Markets,European stocks close higher as investors monitor earnings
759,27/04/2018,Markets,Expedia shares rocket higher on first-quarter jump in bookings
760,27/04/2018,Markets,Toronto Stock Exchange shuts down early on Friday after widespread technical issues
761,27/04/2018,Markets,HSBC’s Bloom changes currencies call to a dollar bull run
762,29/04/2018,Finance,China eases restrictions on foreign ownership of securities ventures
763,30/04/2018,Markets,"Apple shares jump on optimism for a big boost to buyback, dividend program"
764,30/04/2018,Finance,"'It's going to be a rough, rocky ride' for AMP investors: Morningstar"
765,30/04/2018,Markets,European stocks close higher amid merger news; Sainsbury's soars 15%
766,01/05/2018,Markets,Scaramucci says SkyBridge will form joint venture with HNA to tap Chinese market
767,01/05/2018,Markets,UK stocks close slightly higher amid thin trade; Just Eat up 4%
768,01/05/2018,Markets,"Companies to return a record $1 trillion to investors this year in form of buybacks and dividends, estimates S&P"
769,01/05/2018,Markets,Wall Street veteran and CEO of Japanese online broker says cryptocurrencies could take off like derivatives did
770,01/05/2018,Markets,The whole stock market waiting on Apple's earnings to decide to move up — or down
771,01/05/2018,Finance,"Bitcoin has 'elements of all of the different asset classes,' CFTC chairman says"
772,01/05/2018,Finance,Blackstone accelerates into subprime car loans
773,01/05/2018,Markets,Chip stocks climb after Apple eases fears of iPhone slump
774,02/05/2018,Markets,Technology companies are driving a capital spending surge
775,02/05/2018,Markets,European stocks close higher amid earnings; Apple suppliers rise
776,02/05/2018,Markets,The market has been dead all year — here’s the only thing that's working
777,02/05/2018,Markets,It appears China has stopped buying soybeans from the US altogether because of trade fight
778,02/05/2018,Finance,Warren Buffett-backed USG to open sale talks with Germany's Knauf
779,03/05/2018,Markets,"Farmers may be worried about China’s canceled soybean orders, but other countries are filling the void right now"
780,03/05/2018,Markets,Market volatility is not over: Wall Street strategist
782,03/05/2018,Markets,KKR shares jump after private equity firm announces structuring change
783,03/05/2018,Finance,Richard Branson takes first step into private equity with $600 million fund
785,03/05/2018,Markets,Activision Blizzard shares dive in wild ride following early release of incorrect earnings
786,03/05/2018,Markets,European stocks close lower as euro zone inflation slips; US starts trade talks with China
788,04/05/2018,Markets,Ferrari shares hit record high in Milan after automaker posted solid earnings
789,04/05/2018,Markets,The value of what Buffett called 'financial weapons of mass destruction' is plunging
790,04/05/2018,Markets,Beijing reportedly set to launch $47 billion investment fund for chipmaking
791,04/05/2018,Markets,European stocks close higher after US payrolls data; Ferrari up 7.7%
792,04/05/2018,Markets,Warren Buffett says he was buying lots of stock in the first quarter
795,04/05/2018,Markets,Activist investor calls for Otis Elevator owner United Technologies to split into three
798,07/05/2018,Markets,"Launch of bitcoin futures dragged down prices, Fed paper shows"
799,07/05/2018,Markets,Strategist picks the markets that will get a boost from Korean talks
800,07/05/2018,Finance,Longtime analyst Dick Bove is now an investor in what he calls a 'golden age of banking'
801,07/05/2018,Finance,"It’s ‘embarrassing’ to hold cash but there are few alternatives amid tough market, says investment manager"
802,07/05/2018,Markets,European markets close higher amid rising oil prices; Air France down 10%
803,08/05/2018,Markets,European markets closed flat ahead of Trump’s decision on Iran deal
805,08/05/2018,Markets,"Facebook forming a new blockchain group, headed by Coinbase board member"
806,08/05/2018,Markets,Charlie Munger plays Berkshire's hand in China bet and seeks more opportunities
807,09/05/2018,Markets,European markets close higher after Trump pulls US out of Iran deal
808,09/05/2018,Markets,MoviePass owner's shares plunge more than 40%
809,10/05/2018,Markets,European markets close mainly lower after BOE rate decision
811,10/05/2018,Finance,Apple reportedly plans to offer new credit card with Goldman Sachs
814,11/05/2018,Markets,How commission-free trading app Robinhood tries to make money
816,11/05/2018,Markets,Europe shares close higher to post longest weekly winning streak in 3 years
817,11/05/2018,Finance,Goldman Sachs banker waves goodbye to Wall Street’s security in search of crypto riches
818,11/05/2018,Markets,Here’s how blockchain may replace IDs in the future
819,12/05/2018,Finance,Walmart may launch IPO for India's Flipkart in as early as four years
820,14/05/2018,Markets,"MGM, casino stocks jump after Supreme Court says states can legalize sports betting"
823,14/05/2018,Markets,Europe shares close mixed as oil and gas sector rebounds; Italy edges towards coalition deal
825,14/05/2018,Markets,China is reportedly close to removing tariffs on agricultural products in exchange for relief for ZTE
826,14/05/2018,Markets,"Apple, Intel and these other US tech companies have the most at stake in China-US trade fight"
827,14/05/2018,Finance,Warring Puerto Rico bondholders pitch a deal that could resolve a big dispute in the island's debt restructuring
828,15/05/2018,Markets,European markets close mixed amid earnings; Iliad shares slump 19%
829,15/05/2018,Markets,"Solid economy may not stay that way, says financial advisor. Here's how to protect your portfolio"
831,16/05/2018,Markets,Small-cap stocks quietly rise to new all-time high
832,16/05/2018,Markets,US and German bond yields have widened to levels not seen in almost 30 years
833,16/05/2018,Markets,Europe markets close mainly higher but Italian stocks slide on political concerns
834,17/05/2018,Finance,Malaysia to introduce sales and service tax after scrapping GST
835,17/05/2018,Markets,Bear markets don't start when Russell 2000 hits new high: NYSE governor
836,17/05/2018,Finance,JPMorgan and eBay under fire over shareholder meetings
837,17/05/2018,Markets,Small insurance stock surges after Carl Icahn discloses big position
839,17/05/2018,Markets,European markets close higher amid earnings; Ocado shares rally 44%; oil prices hit $80
840,18/05/2018,Markets,Nordstrom shares drop 7% on weaker-than-expected sales growth
841,18/05/2018,Markets,European markets close lower amid US-China trade news; Glencore down 4.4%
842,18/05/2018,Markets,Riot Blockchain’s SEC subpoena part of formal investigation
845,21/05/2018,Markets,Micron shares spike after a deal with Intel
846,21/05/2018,Markets,"These tech stocks — including Skyworks, Qualcomm — have the most to gain from a US-China trade truce"
848,21/05/2018,Markets,Europe closes higher as trade war concerns ease; Italian stocks lower
849,21/05/2018,Markets,"Trade truce with China could boost US beef, soybeans and other agriculture products"
851,22/05/2018,Finance,"Sell stocks as another correction is coming, strategist warns"
852,22/05/2018,Markets,Europe closes higher amid earnings; autos gain on China tariff cut; Altice rallies 19%
853,23/05/2018,Markets,"European markets close lower amid Italian government uncertainty, trade jitters"
855,23/05/2018,Finance,Public sector assets saw a record $2.5 trillion surge in value last year
857,23/05/2018,Finance,Investors should 'absolutely' own mainland China assets: Bank Julius Baer
858,24/05/2018,Markets,South Korean stocks ETF tumbles after Trump cancels meeting with North Korea's Kim Jong Un
859,24/05/2018,Markets,European markets close lower as Trump cancels North Korea summit; Aryzta tumbles 26%
860,25/05/2018,Markets,"No recession until late 2020, so keep buying stocks, Credit Suisse says"
861,25/05/2018,Markets,Turkey's leadership scrambles to regain investor confidence in its monetary policy
863,25/05/2018,Markets,European stocks close up despite political uncertainty in Italy; Trump reopens dialogue with North Korea
865,28/05/2018,Markets,Italian stocks close down 2% in thin trading session; Genmab falls 20%
867,29/05/2018,Markets,Hoping for a bullish stock market? Cheer for the Washington Capitals
868,29/05/2018,Markets,Italy's power struggle could be a flashpoint for market 'contagion'
869,29/05/2018,Markets,Italy stocks close 2.6% lower on political turmoil as European markets slump
870,29/05/2018,Markets,Fed slow to raise interest rates amid political turmoil: Art Cashin
871,30/05/2018,Markets,Biggest risk for US stocks on Italy's political struggle is the dollar: Market analyst with 40 years on Wall Street
872,30/05/2018,Markets,Cars.com shares leap after report the company hired JP Morgan to explore a potential sale
873,30/05/2018,Markets,Investor Mark Mobius predicts 30 percent drop in US stocks
874,30/05/2018,Finance,Airline under China's HNA Group is raising funds ahead of a planned IPO
875,30/05/2018,Markets,Italy's CDS markets price in super-sized sovereign credit rating cut
876,30/05/2018,Markets,Former IMF chief economist: Europe should be OK — but 'I'm very worried about Italy'
877,30/05/2018,Markets,The Fed just proposed a plan to make life easier for banks by loosening the 'Volcker Rule'
878,30/05/2018,Markets,European stocks close slightly higher amid concerns of political turmoil in Italy
880,30/05/2018,Finance,"Bitcoin is the market's new fear gauge, investor says"
881,31/05/2018,Markets,European stocks close lower after US says it will impose steel and aluminum tariffs on EU
882,31/05/2018,Markets,"Goldman VP charged with insider trading, bank puts him on leave"
884,31/05/2018,Markets,Chinese stock addition to indexes will 'change the face' of emerging markets investing on Thursday
886,31/05/2018,Markets,Commerce Secretary Ross says markets will 'adjust' to any surprises on trade
889,31/05/2018,Finance,"Warren Buffett didn't always have warm, fuzzy feelings about Uber"
890,01/06/2018,Markets,American soybeans at stake in reported US efforts to get China to buy more
891,01/06/2018,Markets,"European stocks close higher as Italian, Spanish indexes jump on political developments"
894,04/06/2018,Markets,"The Nasdaq's record close bodes well for future gains, chart analysts say"
895,04/06/2018,Markets,"Cash-rich companies are set to pour $2.5 trillion into buybacks, dividends and M&A this year"
898,04/06/2018,Markets,"JP Morgan upgrades US stocks, downgrades Europe on Italy political turmoil"
900,05/06/2018,Finance,Tepper says Allergan should split CEO and chairman role and overhaul management
901,05/06/2018,Markets,European markets close lower as bank stocks slide; Italy's FTSE MIB down 1%
902,05/06/2018,Markets,Howard Schultz: I don't think the stock market will 'continue to grow at the rate it has between now and 2020'
906,05/06/2018,Markets,Soybean exports to China are down big from last year with 'lost' sales mounting
907,06/06/2018,Markets,"Carl Icahn reportedly building small position in Allergan, joining David Tepper"
908,06/06/2018,Markets,Trump has cost the stock market an estimated $1 trillion in value with tough trade talk
909,06/06/2018,Markets,"European stocks close little changed as Italy woes linger, RPC plummets 12%"
910,06/06/2018,Markets,Shares of Twitter post 10-day winning streak after recovering from earlier losses
911,07/06/2018,Markets,"European markets close slightly lower, dragged down by travel and leisure stocks"
912,07/06/2018,Markets,Nelson Peltz likes Flannery's turnaround plan at GE: 'It's onward and upward'
913,07/06/2018,Markets,"Britain's FTSE fails to open, LSE says opening auction delayed"
914,07/06/2018,Markets,Going it alone: China government orders farmers to increase soybean acreage
915,07/06/2018,Markets,"Smucker shares plummet on weak earnings, concern about tariffs"
916,07/06/2018,Markets,America's biggest RV manufacturer warns tariffs are already raising costs
917,07/06/2018,Markets,Procter & Gamble shares rise after activist Peltz says his reorganization plan under 'very serious consideration'
918,07/06/2018,Markets,Watch DOJ Antitrust Chief Makan Delrahim speak live
920,08/06/2018,Markets,Britain's FCA goes ahead with disputed 'Aramco' listing rule
921,08/06/2018,Markets,Elizabeth Warren and other Democratic senators ask for inquiry into Trump's 'reckless' jobs report comments
923,08/06/2018,Markets,European stocks close lower as trade tensions mount ahead of G-7 summit
924,11/06/2018,Markets,European markets close higher ahead of Trump-Kim summit; Italian banks rise
926,11/06/2018,Finance,Warren Buffett finally gets closure on one of his rare investing mistakes
927,11/06/2018,Finance,BlackRock in talks to buy stake in Italian fund house
929,11/06/2018,Markets,"The signs of a potential market crash are now appearing, asset manager warns"
930,12/06/2018,Markets,JP Morgan sees Weight Watchers rallying more than 20% as it adds more 'influencers' like Oprah
931,12/06/2018,Markets,Europe finishes under slight pressure after Trump-Kim summit draws to a close
932,12/06/2018,Markets,Exxon Mobil breaks with the past and bulks up energy trading to boost profit
934,12/06/2018,Markets,China leads Asian stocks higher after Trump-Kim agreement
935,13/06/2018,Markets,Markets increase bets for fourth rate hike this year after Fed statement
936,13/06/2018,Markets,European markets close higher ahead of Fed rate decision; Just Eat down 5%
937,13/06/2018,Markets,Bitcoin notches two-month low in the wake of cryptocurrency exchange hack
938,13/06/2018,Markets,Short seller Carson Block compares hot China stock Tal Education to Enron; shares dive
939,14/06/2018,Markets,Europe markets close 1.4% higher as ECB plans 'dovish' end to QE; Aveva up 12%
940,15/06/2018,Markets,Watch billionaire investor Howard Marks on the state of markets and the economy
941,15/06/2018,Markets,Wynn Resorts and other US companies could get hit in a US-China trade war
942,15/06/2018,Markets,European markets close lower after ECB-fueled rally; Rolls-Royce ends nearly up 8%
943,15/06/2018,Markets,Watch Venmo COO discuss cryptocurrencies and the future of finance
944,15/06/2018,Markets,"Chinese stocks tumble amid trade fight, ETF falls for seven straight days"
945,15/06/2018,Finance,Here’s how top investors are preparing for the ECB’s ‘easy-money’ exit
946,15/06/2018,Markets,World Cup is great for soccer fans but history shows your 401(k) may suffer during games
947,15/06/2018,Markets,Shares of chipmaker NXP on wild ride amid conflicting reports about Chinese approval of Qualcomm bid
948,18/06/2018,Finance,Investors still love equities but ‘market fragility’ could be ahead in the second half of 2018
951,18/06/2018,Finance,"The bigger cryptocurrencies get, the worse they perform, says central banking institution"
952,18/06/2018,Markets,"European markets close lower as trade tensions rise, VW shares slip on Audi boss arrest"
953,18/06/2018,Markets,How one small business struck back against Chinese dumping
954,18/06/2018,Markets,"Market in 'earnings void right now,' but it will bounce back, says investor"
956,18/06/2018,Markets,Tesla's stock keeps rising as Elon Musk tweets
957,19/06/2018,Markets,Goldman Sachs CEO says the US and China are not in a 'suicide pact' on trade
958,19/06/2018,Markets,Dow tumbles as China responds to latest Trump threat
959,19/06/2018,Markets,Economy still strong despite trade war fears: Analysts
960,19/06/2018,Markets,"European stocks end on a gloomy note, as Trump's threat of new tariffs rattles investors"
961,19/06/2018,Markets,There's one Dow stock having a great day — Verizon
963,19/06/2018,Markets,Soybean prices plunge to nine-year low on US-China trade war fears
964,20/06/2018,Markets,Chinese investment in the US drops 90% amid political pressure
965,20/06/2018,Markets,Europe ends on a mixed to positive note as trade war fears rumble on; OPEC in focus
966,20/06/2018,Markets,Veteran trader Art Cashin 'stunned' Walgreens was added to the Dow but says it makes sense
967,20/06/2018,Markets,Here's why Google and Amazon probably will never be included in the Dow
968,20/06/2018,Markets,Hong Kong rising as hot IPO market
969,20/06/2018,Markets,General Electric shareholders should rejoice at the Dow removal
971,20/06/2018,Markets,Trump's trade fights have cost the stock market trillions and raised volatility
972,20/06/2018,Markets,GE shares rebound from lower open even after the blue chip gets booted from the Dow
975,21/06/2018,Markets,Shares of Amazon and other online retailers slide after Supreme Court sales tax ruling
976,21/06/2018,Markets,Goldman Sachs: Weak stock market returns are ahead even with booming earnings
977,21/06/2018,Markets,The dollar keeps rising against China's yuan. That's set to continue
978,21/06/2018,Markets,"Chinese stocks under pressure from Trump's trade tactics, ETF posts worst losing streak in six years"
979,21/06/2018,Markets,European stocks close lower as OPEC meets; BOE holds rates steady
980,21/06/2018,Markets,"Inclusion in MSCI index is a ‘big milestone’ for Saudi market, stock exchange boss says"
981,21/06/2018,Markets,"Trader builds $5 billion position after realizing he wasn't using test program, but brokerage says he can't keep his profit"
982,21/06/2018,Markets,Jim Rogers is the latest aging investing guru to launch an ETF programmed to trade like them
983,22/06/2018,Markets,Europe ends sharply higher after OPEC secures deal on oil production; autos slip
984,22/06/2018,Finance,Euro zone agrees on debt relief package for Greece
985,22/06/2018,Markets,SEC investigates whether companies round up earnings
986,22/06/2018,Markets,Cramer: Strength in tech and retail has 'masked' weakness in the broader market
987,25/06/2018,Markets,European markets close sharply lower on trade concerns
988,25/06/2018,Finance,"India has
proposed a new fix for its bad debt problem. It may not be enough"
989,26/06/2018,Markets,Lofty tech stocks nowadays don't carry the same risk that fueled the late 1990s dot-com bubble: BlackRock
990,26/06/2018,Finance,"Investing in soccer may be wise, says Goldman Sachs investment banking co-head"
991,26/06/2018,Finance,GE says it plans to 'adjust' its dividend after it spins off its health care unit
993,26/06/2018,Markets,"Europe ends on a mixed note, after trade concerns fuel recent sell-off; Inmarsat sinks 12.5%"
994,26/06/2018,Finance,"GE shares pop after it reveals plan to spin off health-care unit, post best day in 3 years"
996,27/06/2018,Finance,"This
Amazon job post may reveal the e-commerce giant's next move in China"
997,27/06/2018,Finance,"Bank of England attacks EU
over $38 trillion Brexit risk"
998,27/06/2018,Markets,Madison Square Garden stock jumps 10% after board approves plan to explore sports spinoff
999,27/06/2018,Markets,"Europe finishes on a high, as oil climbs and trade concerns alleviate "
1000,27/06/2018,Markets,"WWE shares pop 15 percent after multi-million dollar TV deals with Fox, Comcast"
1001,27/06/2018,Markets,China is languishing in bear market territory amid 'worrisome' trade news
1002,27/06/2018,Markets,"With unicorns in the pipeline, Hong Kong IPO markets will be 'totally different' in second half of 2018: EY"
1003,27/06/2018,Markets,"North Korea could account for nearly a quarter of a unified Korean Peninsula's economy one day, UBS says"
1004,27/06/2018,Finance,Stuffed mailbox? Banks are sending out a lot more letters to get you to borrow more
1005,27/06/2018,Markets,Toyota warns Trump: Car tariffs will increase cost of every vehicle sold in US
1006,28/06/2018,Markets,European markets close lower amid ongoing trade fears
1009,28/06/2018,Finance,Another ex-Equifax employee is charged with insider trading related to data breach
1011,29/06/2018,Markets,European stocks finish on a high after EU migration deal; oil prices climb
1012,29/06/2018,Markets,"Chinese stocks tumble into bear market, with Shanghai index on pace for worst year since 2011"
1013,29/06/2018,Finance,Deutsche Bank CEO: We won't get rid of our US unit despite failing Fed bank stress tests
1014,29/06/2018,Markets,Here's who's making money from immigration enforcement
